{"1392a4b4-32de-4eac-9433-9c120e273b37": "Alcaldia Local De Antonio Narino", "6e2f4e1e-b26e-497d-b6f0-bf30f162c1dc": "Alcaldia Local De Barrios Unidos", "b00a799a-4c7e-449c-9eb8-8f3d4123e788": "Alcaldia Local De Bosa", "637445a7-7ee6-44a7-b053-a613f873248f": "Alcaldia Local De Chapinero", "f4f22688-fb8a-40ba-b58b-13d334dbf897": "Alcaldia Local De Engativa", "1b8fefa0-afe4-4c6e-9a13-e15c39b76a4e": "Alcaldia Local De Fontibon", "d65b7bcc-d53a-4543-a294-6f52e146281d": "Alcaldia Local De Kennedy", "3563fdd5-9aeb-4b80-804f-ab21beaf454f": "Alcaldia Local De La Candelaria", "35492fe1-7cc7-4e86-a18c-aa42d2e6469c": "Alcaldia Local De Los Martires", "0ac22659-e454-444e-9333-9e0b6b1731c6": "Alcaldia Local De Puente Aranda", "16790b2a-7734-4ee5-8914-a100e6c136cb": "Alcaldia Local De Rafael Uribe Uribe", "0567f60c-47f5-43ce-a028-b80eaf88d37a": "Alcaldia Local De San Cristobal", "6d0b0be5-3af2-488e-9584-bdd829b27c40": "Alcaldia Local De Santa Fe", "d4736ade-3144-4127-bd1f-a428c77e125e": "Alcaldia Local De Suba", "f1e3fb07-af80-40e9-b3ba-951392680ceb": "Alcaldia Local De Sumapaz", "29b462d1-a002-4c07-a854-1c82fc10829f": "Alcaldia Local De Teusaquillo", "1dcd0622-9833-4ca8-8b09-ea7617ead3c3": "Alcaldia Local De Tunjuelito", "31b7d251-5580-45d3-9e5b-e76853b78302": "Alcaldia Local De Usaquen", "aee6112d-44a4-4cca-876c-fcde6582e9f2": "Alcaldia Local De Usme", "82e05c17326b46a1a87562fb9db97e0b": "Alcald\u00eda Local De Ciudad Bol\u00edvar", "dae08630-74c8-44c3-906c-d4b7fdbd4bfa": "Caja De Vivienda Popular", "7685ff5a-9ae7-4ffc-b81d-8ab9fa125415": "Canal Capital", "47a52a9a-d3fa-4c48-b3fe-5d6916c283e4": "Capital Salud", "ee7bd620-6ee5-4108-8fa5-fa43df59f142": "Departamento Administrativo De La Defensoria Del Espacio Publico", "7e1205f0-4cd8-4e39-80fd-7651266ddc5f": "Departamento Administrativo Del Servicio Civil Distrital", "8e512352-7788-420d-9f94-e0ba1018820f": "Empresa De Acueducto Y Alcantarillado De Bogota", "1d8d452b-c609-4ae7-9b8c-567a1f28032f": "Empresa De Renovacion Urbana Y Desarrollo Urbano De Bogota", "594b1c29-91da-407a-93e6-57c8ffa8e22a": "Empresa De Transporte Del Tercer Milenio", "a835f2e5-8516-4942-8526-44d7338480bc": "Empresa Metro De Bogota", "965af449-187b-477e-b052-6c8466485c06": "Fondo De Prestaciones Economicas Cesantias Y Pensiones", "9a322050-1f3a-4431-87f4-5d24fb1adcf5": "Fundacion Gilberto Alzate Avendano", "93c5d9a1-9971-4450-ab5a-66a350eb158a": "Instituto De Desarrollo Urbano", "13c871d7-fe73-4392-8291-30cc78ffa857": "Instituto Distrital De Gestion De Riesgos Y Cambio Climatico", "9c4dae24-05a5-454b-bd06-b44f7b4b5aab": "Instituto Distrital De Las Artes", "8f2013cb-a19d-4b94-82e1-dde826049c56": "Instituto Distrital De Participacion Y Accion Comunal", "26cbed04-cff6-45d8-8c3b-98ac8e94a5de": "Instituto Distrital De Patrimonio Cultural", "e739d624-2335-4c9f-87af-db9ba828e296": "Instituto Distrital De Proteccion Y Bienestar Animal", "6c08e1b7-e43e-42ef-ad4a-9bc3c77ed37f": "Instituto Distrital De Recreacion Y Deporte", "1b09ae65-d423-41ce-bb04-76539e953cd1": "Instituto Distrital De Turismo", "e32446a6-18d0-481c-b2b4-3e32a9356113": "Instituto Distrital Para La Economia Social", "e6e31363-d0e1-4ece-bc04-b52a0896a5c3": "Instituto Distrital Para La Investigacion Educativa Y El Desarrollo Pedagogico", "99890a0b-70de-4846-8562-08860ab50475": "Instituto Distrital Para La Proteccion De La Ninez Y La Juventud", "eb0a045e-2518-4482-a623-8351a9340e2a": "Jardin Botanico Jose Celestino Mutis", "e819483d-de24-47eb-9b19-97a2880958fe": "Orquesta Filarmonica De Bogota", "ccb07bc2-67b9-4c6b-9d1e-8d84493cde19": "Personeria De Bogota", "1da7de14-57d3-4f35-8b1e-f66c3d95aeeb": "Secretaria De Educacion Del Distrito", "f44cbd7c-171d-4b35-9133-8901fb67c3a0": "Secretaria Distrital De Ambiente", "df3c6d45-a610-452f-9f01-3efae7005f0f": "Secretaria Distrital De Cultura Recreacion Y Deporte", "6da76978-4091-4857-991a-24dbc6ac5894": "Secretaria Distrital De Desarrollo Economico", "2a1228b4-8ee2-424d-ac64-2c28d249f7f7": "Secretaria Distrital De Gobierno", "6b9496af-f22b-4ffa-8fd0-3715b7a4c44f": "Secretaria Distrital De Habitat", "d8ee456f-f58d-423b-9407-1af8f7ee5faa": "Secretaria Distrital De Hacienda", "deca3f0e-aeac-4446-8e7c-793ba8cb2bb2": "Secretaria Distrital De Integracion Social", "7a5e1933-2716-444c-81f2-b9f0d9497cc6": "Secretaria Distrital De La Mujer", "c4f36231-7247-483a-b21e-44e5d118db29": "Secretaria Distrital De Movilidad", "4345be1e-ba97-44b0-8bcb-dc935f6b691f": "Secretaria Distrital De Planeacion", "289452a5-d96a-41a2-89f0-a16058a70511": "Secretaria Distrital De Salud", "853d09e9-df1f-4a9b-a21c-5d2499e3ffa4": "Secretaria Distrital De Seguridad Convivencia Y Justicia", "55d0f698-9b69-4a7f-8a64-33a3e2236f56": "Secretaria General De La Alcaldia Mayor De Bogota", "b3a1580a-2f11-468c-9336-e1ce3cc1e57b": "Secretaria Juridica Distrital", "924f505e-b985-4139-a03f-2075e23075d0": "Subred Integrada De Servicios De Salud Centro Oriente", "da3ccecf-b7ad-46f2-a759-edd4533cd47c": "Subred Integrada De Servicios De Salud Norte", "69a66e34-418d-4f80-85cd-f9510d2d524e": "Subred Integrada De Servicios De Salud Sur", "a6fa44d1-a682-4599-8e12-a0f1a12b6b69": "Subred Integrada De Servicios De Salud Sur Occidente", "e4cd18f0-b93e-43e3-9e70-b67b5b86101d": "Unidad Administrativa Especial Cuerpo Oficial De Bomberos De Bogota", "5026a6c5-bc28-4abe-ba16-84848fd70f3f": "Unidad Administrativa Especial De Catastro", "ce0f66f7-a7ad-4e4f-a631-f083237dcc0a": "Unidad Administrativa Especial De Rehabilitacion Y Mantenimiento Vial", "f40536a4-9859-440c-8dbe-6de07ea0c57f": "Unidad Administrativa Especial De Servicios Publicos", "d267f1c6-2620-4a80-815a-557a23492ba4": "Universidad Distrital Francisco Jose De Caldas", "1b01632f-f169-46c5-be3a-d1c1eee6f58c": "Veeduria Distrital"}